Region,Country,Site,PopulationToUse,EPI Year Number
East & Horn & Great Lakes,Burundi,Bwagiriza,10262,2024
East & Horn & Great Lakes,Burundi,Bwagiriza,10259,2025
East & Horn & Great Lakes,Burundi,Gasorwe / Kinama,7377,2024
East & Horn & Great Lakes,Burundi,Gasorwe / Kinama,7119,2025
East & Horn & Great Lakes,Burundi,Giharo,24005,2025
East & Horn & Great Lakes,Burundi,Kavumu,18379,2024
East & Horn & Great Lakes,Burundi,Kavumu,18770,2025
East & Horn & Great Lakes,Burundi,Musasa,8792,2024
East & Horn & Great Lakes,Burundi,Musasa,8907,2025
East & Horn & Great Lakes,Burundi,Musenyi,10365,2025
East & Horn & Great Lakes,Burundi,Nyakanda,11502,2024
East & Horn & Great Lakes,Burundi,Nyakanda,11612,2025
East & Horn & Great Lakes,Ethiopia,Alemwach,21707,2024
East & Horn & Great Lakes,Ethiopia,Alemwach,22586,2025
East & Horn & Great Lakes,Ethiopia,Aw-barre,13536,2024
East & Horn & Great Lakes,Ethiopia,Aw-barre,13536,2025
East & Horn & Great Lakes,Ethiopia,Aysaita,26694,2024
East & Horn & Great Lakes,Ethiopia,Aysaita,26694,2025
East & Horn & Great Lakes,Ethiopia,Bambasi,21041,2024
East & Horn & Great Lakes,Ethiopia,Bambasi,21413,2025
East & Horn & Great Lakes,Ethiopia,Berhale,29443,2024
East & Horn & Great Lakes,Ethiopia,Berhale,29443,2025
East & Horn & Great Lakes,Ethiopia,Bokolmanyo,33240,2024
East & Horn & Great Lakes,Ethiopia,Bokolmanyo,33311,2025
East & Horn & Great Lakes,Ethiopia,Buramino,48665,2024
East & Horn & Great Lakes,Ethiopia,Buramino,48797,2025
East & Horn & Great Lakes,Ethiopia,Hilaweyn,51491,2024
East & Horn & Great Lakes,Ethiopia,Hilaweyn,51725,2025
East & Horn & Great Lakes,Ethiopia,Jewi,68361,2024
East & Horn & Great Lakes,Ethiopia,Jewi,68892,2025
East & Horn & Great Lakes,Ethiopia,Kebribeyah,18258,2024
East & Horn & Great Lakes,Ethiopia,Kebribeyah,18258,2025
East & Horn & Great Lakes,Ethiopia,Kobe,39080,2024
East & Horn & Great Lakes,Ethiopia,Kobe,39282,2025
East & Horn & Great Lakes,Ethiopia,Kule,53838,2024
East & Horn & Great Lakes,Ethiopia,Kule,54687,2025
East & Horn & Great Lakes,Ethiopia,Kumer,16454,2024
East & Horn & Great Lakes,Ethiopia,Kumer,16454,2025
East & Horn & Great Lakes,Ethiopia,Melkadida,43552,2024
East & Horn & Great Lakes,Ethiopia,Melkadida,43641,2025
East & Horn & Great Lakes,Ethiopia,Nguenyiel,223402,2024
East & Horn & Great Lakes,Ethiopia,Nguenyiel,223638,2025
East & Horn & Great Lakes,Ethiopia,Okugo,13968,2024
East & Horn & Great Lakes,Ethiopia,Okugo,13435,2025
East & Horn & Great Lakes,Ethiopia,Pugnido,51447,2024
East & Horn & Great Lakes,Ethiopia,Pugnido,52157,2025
East & Horn & Great Lakes,Ethiopia,Pugnido 2,11401,2024
East & Horn & Great Lakes,Ethiopia,Pugnido 2,11465,2025
East & Horn & Great Lakes,Ethiopia,Sheder,14759,2024
East & Horn & Great Lakes,Ethiopia,Sheder,14759,2025
East & Horn & Great Lakes,Ethiopia,Sherkole,16153,2024
East & Horn & Great Lakes,Ethiopia,Sherkole,16423,2025
East & Horn & Great Lakes,Ethiopia,Tierkidi,72988,2024
East & Horn & Great Lakes,Ethiopia,Tierkidi,73426,2025
East & Horn & Great Lakes,Ethiopia,Tsore,43078,2024
East & Horn & Great Lakes,Ethiopia,Tsore,39588,2025
East & Horn & Great Lakes,Ethiopia,Ura Refugee Site,719,2024
East & Horn & Great Lakes,Ethiopia,Ura Refugee Site,11879,2025
East & Horn & Great Lakes,Rwanda,Kigeme,14459,2024
East & Horn & Great Lakes,Rwanda,Kigeme,14459,2025
East & Horn & Great Lakes,Rwanda,Kiziba,17263,2024
East & Horn & Great Lakes,Rwanda,Kiziba,17263,2025
East & Horn & Great Lakes,Rwanda,Mahama,58662,2024
East & Horn & Great Lakes,Rwanda,Mahama,68087,2025
East & Horn & Great Lakes,Rwanda,Mugombwa,11772,2024
East & Horn & Great Lakes,Rwanda,Mugombwa,11772,2025
East & Horn & Great Lakes,Rwanda,Nyabiheke,12029,2024
East & Horn & Great Lakes,Rwanda,Nyabiheke,11799,2025
East & Horn & Great Lakes,South Sudan,Ajuong Thok,47231,2024
East & Horn & Great Lakes,South Sudan,Ajuong Thok,49032,2025
East & Horn & Great Lakes,South Sudan,Doro,94981,2024
East & Horn & Great Lakes,South Sudan,Doro,99922,2025
East & Horn & Great Lakes,South Sudan,Gendrassa,19193,2024
East & Horn & Great Lakes,South Sudan,Gendrassa,18942,2025
East & Horn & Great Lakes,South Sudan,Gorom,11782,2024
East & Horn & Great Lakes,South Sudan,Gorom,14506,2025
East & Horn & Great Lakes,South Sudan,Kaya,32625,2024
East & Horn & Great Lakes,South Sudan,Kaya,32890,2025
East & Horn & Great Lakes,South Sudan,Makpandu,8015,2024
East & Horn & Great Lakes,South Sudan,Makpandu,13497,2025
East & Horn & Great Lakes,South Sudan,Pamir,38537,2024
East & Horn & Great Lakes,South Sudan,Pamir,51832,2025
East & Horn & Great Lakes,South Sudan,Yida,53578,2024
East & Horn & Great Lakes,South Sudan,Yida,53578,2025
East & Horn & Great Lakes,South Sudan,Yusuf Batil,53511,2024
East & Horn & Great Lakes,South Sudan,Yusuf Batil,53630,2025
East & Horn & Great Lakes,Sudan,Abo Jaara,3426,2024
East & Horn & Great Lakes,Sudan,Abo Jaara,3426,2025
East & Horn & Great Lakes,Sudan,Abu Jabra,10395,2024
East & Horn & Great Lakes,Sudan,Abu Jabra,10395,2025
East & Horn & Great Lakes,Sudan,Abu Jubaiha Town,8423,2024
East & Horn & Great Lakes,Sudan,Abu Jubaiha Town,8423,2025
East & Horn & Great Lakes,Sudan,Abu Karinka,3078,2024
East & Horn & Great Lakes,Sudan,Abu Karinka,3078,2025
East & Horn & Great Lakes,Sudan,Abu Sufyan,1969,2024
East & Horn & Great Lakes,Sudan,Abu Sufyan,1969,2025
East & Horn & Great Lakes,Sudan,Abuajora,1454,2024
East & Horn & Great Lakes,Sudan,Abuajora,1454,2025
East & Horn & Great Lakes,Sudan,Abuda,3539,2024
East & Horn & Great Lakes,Sudan,Abuda,3539,2025
East & Horn & Great Lakes,Sudan,Adila,4802,2024
East & Horn & Great Lakes,Sudan,Adila,4802,2025
East & Horn & Great Lakes,Sudan,Al Jameya,28798,2024
East & Horn & Great Lakes,Sudan,Al Jameya,28798,2025
East & Horn & Great Lakes,Sudan,Al Kashafa,20391,2024
East & Horn & Great Lakes,Sudan,Al Kashafa,20391,2025
East & Horn & Great Lakes,Sudan,Al Nimir,11847,2024
East & Horn & Great Lakes,Sudan,Al Nimir,11847,2025
East & Horn & Great Lakes,Sudan,Al Redis 1,15270,2024
East & Horn & Great Lakes,Sudan,Al Redis 1,15270,2025
East & Horn & Great Lakes,Sudan,Al Redis 2,40027,2024
East & Horn & Great Lakes,Sudan,Al Redis 2,40027,2025
East & Horn & Great Lakes,Sudan,Alagaya,62263,2024
East & Horn & Great Lakes,Sudan,Alagaya,62263,2025
East & Horn & Great Lakes,Sudan,Alamal,4635,2024
East & Horn & Great Lakes,Sudan,Alamal,4635,2025
East & Horn & Great Lakes,Sudan,Alaman,2065,2024
East & Horn & Great Lakes,Sudan,Alaman,2065,2025
East & Horn & Great Lakes,Sudan,Al-Lait Town,5097,2024
East & Horn & Great Lakes,Sudan,Al-Lait Town,5097,2025
East & Horn & Great Lakes,Sudan,Alqanaa,49675,2024
East & Horn & Great Lakes,Sudan,Alqanaa,49675,2025
East & Horn & Great Lakes,Sudan,Assalaya,1552,2024
East & Horn & Great Lakes,Sudan,Assalaya,1552,2025
East & Horn & Great Lakes,Sudan,Babikir,2199,2024
East & Horn & Great Lakes,Sudan,Babikir,2199,2025
East & Horn & Great Lakes,Sudan,Bantiu,12030,2024
East & Horn & Great Lakes,Sudan,Bantiu,12030,2025
East & Horn & Great Lakes,Sudan,Beliel,7257,2024
East & Horn & Great Lakes,Sudan,Beliel,7257,2025
East & Horn & Great Lakes,Sudan,Buram,784,2024
East & Horn & Great Lakes,Sudan,Buram,784,2025
East & Horn & Great Lakes,Sudan,"Camp 6, Blue Nile",20467,2024
East & Horn & Great Lakes,Sudan,"Camp 6, Blue Nile",20467,2025
East & Horn & Great Lakes,Sudan,Dabat Bosin,28731,2024
East & Horn & Great Lakes,Sudan,Dabat Bosin,28731,2025
East & Horn & Great Lakes,Sudan,Dalil Babiker,2923,2024
East & Horn & Great Lakes,Sudan,Dalil Babiker,2923,2025
East & Horn & Great Lakes,Sudan,Dalil Dukhry,1154,2024
East & Horn & Great Lakes,Sudan,Dalil Dukhry,1154,2025
East & Horn & Great Lakes,Sudan,Dar Batti,29439,2024
East & Horn & Great Lakes,Sudan,Dar Batti,29439,2025
East & Horn & Great Lakes,Sudan,Ed Daein,621,2024
East & Horn & Great Lakes,Sudan,Ed Daein,621,2025
East & Horn & Great Lakes,Sudan,El Fardus,7487,2024
East & Horn & Great Lakes,Sudan,El Fardus,7487,2025
East & Horn & Great Lakes,Sudan,El Fasher,1684,2024
East & Horn & Great Lakes,Sudan,El Fasher,1684,2025
East & Horn & Great Lakes,Sudan,El Radom,18453,2024
East & Horn & Great Lakes,Sudan,El Radom,18453,2025
East & Horn & Great Lakes,Sudan,Enhaood,3115,2024
East & Horn & Great Lakes,Sudan,Enhaood,3115,2025
East & Horn & Great Lakes,Sudan,Fau 5,825,2024
East & Horn & Great Lakes,Sudan,Fau 5,825,2025
East & Horn & Great Lakes,Sudan,Futaha,3265,2024
East & Horn & Great Lakes,Sudan,Futaha,3265,2025
East & Horn & Great Lakes,Sudan,Ghubaish,5591,2024
East & Horn & Great Lakes,Sudan,Ghubaish,5591,2025
East & Horn & Great Lakes,Sudan,Girba,10621,2024
East & Horn & Great Lakes,Sudan,Girba,10621,2025
East & Horn & Great Lakes,Sudan,Godat,2544,2024
East & Horn & Great Lakes,Sudan,Godat,2544,2025
East & Horn & Great Lakes,Sudan,Habib Darma,981,2024
East & Horn & Great Lakes,Sudan,Habib Darma,981,2025
East & Horn & Great Lakes,Sudan,Hamdayet RC,11637,2024
East & Horn & Great Lakes,Sudan,Hamdayet RC,11637,2025
East & Horn & Great Lakes,Sudan,Haskanita,2988,2024
East & Horn & Great Lakes,Sudan,Haskanita,2988,2025
East & Horn & Great Lakes,Sudan,Hillet Ali,417,2024
East & Horn & Great Lakes,Sudan,Hillet Ali,417,2025
East & Horn & Great Lakes,Sudan,Jouri,14626,2024
East & Horn & Great Lakes,Sudan,Jouri,14626,2025
East & Horn & Great Lakes,Sudan,Kadugli,1475,2024
East & Horn & Great Lakes,Sudan,Kadugli,1475,2025
East & Horn & Great Lakes,Sudan,Karakada,2318,2024
East & Horn & Great Lakes,Sudan,Karakada,2318,2025
East & Horn & Great Lakes,Sudan,Kario,38744,2024
East & Horn & Great Lakes,Sudan,Kario,38744,2025
East & Horn & Great Lakes,Sudan,Kharasan,8622,2024
East & Horn & Great Lakes,Sudan,Kharasan,8622,2025
East & Horn & Great Lakes,Sudan,Khor Al Waral,55434,2024
East & Horn & Great Lakes,Sudan,Khor Al Waral,55434,2025
East & Horn & Great Lakes,Sudan,Kilo 26,15338,2024
East & Horn & Great Lakes,Sudan,Kilo 26,15338,2025
East & Horn & Great Lakes,Sudan,Naivasha,11842,2024
East & Horn & Great Lakes,Sudan,Naivasha,11842,2025
East & Horn & Great Lakes,Sudan,Nyala,6180,2024
East & Horn & Great Lakes,Sudan,Nyala,6180,2025
East & Horn & Great Lakes,Sudan,Shag Allayon,1458,2024
East & Horn & Great Lakes,Sudan,Shag Allayon,1458,2025
East & Horn & Great Lakes,Sudan,Shagarab I,29198,2024
East & Horn & Great Lakes,Sudan,Shagarab I,29198,2025
East & Horn & Great Lakes,Sudan,Shagarab II,25358,2024
East & Horn & Great Lakes,Sudan,Shagarab II,25358,2025
East & Horn & Great Lakes,Sudan,Shagarab III,7171,2024
East & Horn & Great Lakes,Sudan,Shagarab III,7171,2025
East & Horn & Great Lakes,Sudan,Sharg Alneel Open Area,3062,2024
East & Horn & Great Lakes,Sudan,Sharg Alneel Open Area,3062,2025
East & Horn & Great Lakes,Sudan,Tunaydba,18913,2024
East & Horn & Great Lakes,Sudan,Tunaydba,18913,2025
East & Horn & Great Lakes,Sudan,Um Gargour,11503,2024
East & Horn & Great Lakes,Sudan,Um Gargour,11503,2025
East & Horn & Great Lakes,Sudan,Um Rakuba,18913,2024
East & Horn & Great Lakes,Sudan,Um Rakuba,18913,2025
East & Horn & Great Lakes,Sudan,Um Sangour,68236,2024
East & Horn & Great Lakes,Sudan,Um Sangour,68236,2025
East & Horn & Great Lakes,Sudan,Um Shalaya,4081,2024
East & Horn & Great Lakes,Sudan,Um Shalaya,4081,2025
East & Horn & Great Lakes,Sudan,Village 8 TC,11637,2024
East & Horn & Great Lakes,Sudan,Village 8 TC,11637,2025
East & Horn & Great Lakes,Sudan,Wad Sharife,17856,2024
East & Horn & Great Lakes,Sudan,Wad Sharife,17856,2025
East & Horn & Great Lakes,Sudan,Yassin,1554,2024
East & Horn & Great Lakes,Sudan,Yassin,1554,2025
East & Horn & Great Lakes,Tanzania,Nduta,60024,2024
East & Horn & Great Lakes,Tanzania,Nduta,56479,2025
East & Horn & Great Lakes,Tanzania,Nyarugusu,135508,2024
East & Horn & Great Lakes,Tanzania,Nyarugusu,133558,2025
East & Horn & Great Lakes,Uganda,Adjumani,220243,2024
East & Horn & Great Lakes,Uganda,Adjumani,229936,2025
East & Horn & Great Lakes,Uganda,Bidibidi,197792,2024
East & Horn & Great Lakes,Uganda,Bidibidi,206322,2025
East & Horn & Great Lakes,Uganda,Imvepi Settlement,67336,2024
East & Horn & Great Lakes,Uganda,Imvepi Settlement,71199,2025
East & Horn & Great Lakes,Uganda,Kiryandongo,84675,2024
East & Horn & Great Lakes,Uganda,Kiryandongo,143225,2025
East & Horn & Great Lakes,Uganda,Kyaka II,128037,2024
East & Horn & Great Lakes,Uganda,Kyaka II,133553,2025
East & Horn & Great Lakes,Uganda,Kyangwali,135342,2024
East & Horn & Great Lakes,Uganda,Kyangwali,146359,2025
East & Horn & Great Lakes,Uganda,Nakivale,184259,2024
East & Horn & Great Lakes,Uganda,Nakivale,222998,2025
East & Horn & Great Lakes,Uganda,Nyakabande TC,10162,2024
East & Horn & Great Lakes,Uganda,Nyakabande TC,10162,2025
East & Horn & Great Lakes,Uganda,Oruchinga,8026,2024
East & Horn & Great Lakes,Uganda,Oruchinga,8090,2025
East & Horn & Great Lakes,Uganda,Palabek,84312,2024
East & Horn & Great Lakes,Uganda,Palabek,88830,2025
East & Horn & Great Lakes,Uganda,Palorinya,129841,2024
East & Horn & Great Lakes,Uganda,Palorinya,138235,2025
East & Horn & Great Lakes,Uganda,Rhino,160149,2024
East & Horn & Great Lakes,Uganda,Rhino,173348,2025
East & Horn & Great Lakes,Uganda,Rwamwanja,108110,2024
East & Horn & Great Lakes,Uganda,Rwamwanja,101279,2025
Middle East,Iraq,Akra,1050,2024
Middle East,Iraq,Akra,1050,2025
Middle East,Iraq,Arbat,9672,2024
Middle East,Iraq,Arbat,9672,2025
Middle East,Iraq,Bardarash,4437,2024
Middle East,Iraq,Bardarash,4437,2025
Middle East,Iraq,Basirma,1974,2024
Middle East,Iraq,Basirma,1974,2025
Middle East,Iraq,Darashakran,11750,2024
Middle East,Iraq,Darashakran,11750,2025
Middle East,Iraq,Domiz 1,30771,2024
Middle East,Iraq,Domiz 1,30771,2025
Middle East,Iraq,Domiz 2,10932,2024
Middle East,Iraq,Domiz 2,10932,2025
Middle East,Iraq,Gawilan,9251,2024
Middle East,Iraq,Gawilan,9251,2025
Middle East,Iraq,Kawergosk,8061,2024
Middle East,Iraq,Kawergosk,8061,2025
Middle East,Iraq,Qushtapa,8501,2024
Middle East,Iraq,Qushtapa,8501,2025
Middle East,Jordan,Azraq Camp,39176,2024
Middle East,Jordan,Azraq Camp,44187,2025
Middle East,Jordan,Za'atari Camp,80909,2024
Middle East,Jordan,Za'atari Camp,68257,2025
Middle East,Libya,AzZawiah,2723,2024
Middle East,Libya,AzZawiah,4416,2025
Middle East,Libya,Misrata,3584,2024
Middle East,Libya,Misrata,5698,2025
Middle East,Libya,Tripoli,25073,2024
Middle East,Libya,Tripoli,31,2025
Middle East,Libya,Zawara,1354,2024
Middle East,Libya,Zawara,2099,2025
Middle East,Yemen,Al Kharaz,8965,2024
Middle East,Yemen,Al Kharaz,8965,2025
Middle East,Yemen,Basatine,13202,2024
Middle East,Yemen,Basatine,13202,2025
Middle East,Yemen,Sana'a,10618,2024
Middle East,Yemen,Sana'a,10730,2025
South East Asia,Bangladesh,Bhasan Char,28174,2024
South East Asia,Bangladesh,Bhasan Char,28174,2025
South East Asia,Bangladesh,Camp 11,7583,2024
South East Asia,Bangladesh,Camp 11,7583,2025
South East Asia,Bangladesh,Camp 12,22272,2024
South East Asia,Bangladesh,Camp 12,22272,2025
South East Asia,Bangladesh,Camp 19,25980,2024
South East Asia,Bangladesh,Camp 19,25980,2025
South East Asia,Bangladesh,Camp 1E,41068,2024
South East Asia,Bangladesh,Camp 1E,41068,2025
South East Asia,Bangladesh,Camp 1W,83178,2024
South East Asia,Bangladesh,Camp 1W,83178,2025
South East Asia,Bangladesh,Camp 20,8052,2024
South East Asia,Bangladesh,Camp 20,8052,2025
South East Asia,Bangladesh,Camp 20 Extension,10951,2024
South East Asia,Bangladesh,Camp 20 Extension,10951,2025
South East Asia,Bangladesh,Camp 2E,14517,2024
South East Asia,Bangladesh,Camp 2E,14517,2025
South East Asia,Bangladesh,Camp 2W,14307,2024
South East Asia,Bangladesh,Camp 2W,14307,2025
South East Asia,Bangladesh,Camp 3,63072,2024
South East Asia,Bangladesh,Camp 3,63072,2025
South East Asia,Bangladesh,Camp 4,15741,2024
South East Asia,Bangladesh,Camp 4,15741,2025
South East Asia,Bangladesh,Camp 4 Extension,8751,2024
South East Asia,Bangladesh,Camp 4 Extension,8751,2025
South East Asia,Bangladesh,Camp 5,33000,2024
South East Asia,Bangladesh,Camp 5,33000,2025
South East Asia,Bangladesh,Camp 6,25491,2024
South East Asia,Bangladesh,Camp 6,25491,2025
South East Asia,Bangladesh,Camp 8W,14045,2024
South East Asia,Bangladesh,Camp 8W,14045,2025
South East Asia,Bangladesh,Kutupalong,35269,2024
South East Asia,Bangladesh,Kutupalong,35269,2025
South East Asia,Bangladesh,Nayapara RC,42402,2024
South East Asia,Bangladesh,Nayapara RC,42402,2025
South East Asia,Bangladesh,Transit Center (BGD),532,2024
South East Asia,Bangladesh,Transit Center (BGD),532,2025
South East Asia,Thailand,Ban Don Yang,2803,2024
South East Asia,Thailand,Ban Don Yang,2531,2025
South East Asia,Thailand,Ban Mae Surin,3506,2024
South East Asia,Thailand,Ban Mae Surin,3273,2025
South East Asia,Thailand,Ban Mai Nai Soi,8770,2024
South East Asia,Thailand,Ban Mai Nai Soi,9867,2025
South East Asia,Thailand,Mae La,37172,2024
South East Asia,Thailand,Mae La,39951,2025
South East Asia,Thailand,Mae La Oon,11618,2024
South East Asia,Thailand,Mae La Oon,11799,2025
South East Asia,Thailand,Mae Ra Ma Luang,12691,2024
South East Asia,Thailand,Mae Ra Ma Luang,12923,2025
South East Asia,Thailand,Nu Po,9483,2024
South East Asia,Thailand,Nu Po,10142,2025
South East Asia,Thailand,Tham Hin,5338,2024
South East Asia,Thailand,Tham Hin,5486,2025
South East Asia,Thailand,Umpiem,9941,2024
South East Asia,Thailand,Umpiem,10505,2025
Southern Africa,Angola,Lóvua settlement,6120,2024
Southern Africa,Angola,Lóvua settlement,6267,2025
Southern Africa,Democratic Republic of the Congo (DRC),Bele,3341,2024
Southern Africa,Democratic Republic of the Congo (DRC),Bele,3341,2025
Southern Africa,Democratic Republic of the Congo (DRC),Bili,10350,2024
Southern Africa,Democratic Republic of the Congo (DRC),Bili,10350,2025
Southern Africa,Democratic Republic of the Congo (DRC),Biringi,6568,2024
Southern Africa,Democratic Republic of the Congo (DRC),Biringi,6568,2025
Southern Africa,Democratic Republic of the Congo (DRC),Boyabu,9822,2024
Southern Africa,Democratic Republic of the Congo (DRC),Boyabu,9822,2025
Southern Africa,Democratic Republic of the Congo (DRC),Inke,18059,2024
Southern Africa,Democratic Republic of the Congo (DRC),Inke,18059,2025
Southern Africa,Democratic Republic of the Congo (DRC),Lusenda,26606,2024
Southern Africa,Democratic Republic of the Congo (DRC),Lusenda,26606,2025
Southern Africa,Democratic Republic of the Congo (DRC),Meri (Aba),25171,2024
Southern Africa,Democratic Republic of the Congo (DRC),Meri (Aba),25171,2025
Southern Africa,Democratic Republic of the Congo (DRC),Mole,10949,2024
Southern Africa,Democratic Republic of the Congo (DRC),Mole,10949,2025
Southern Africa,Democratic Republic of the Congo (DRC),Mulongwe (Baraka),8845,2024
Southern Africa,Democratic Republic of the Congo (DRC),Mulongwe (Baraka),8845,2025
Southern Africa,Malawi,Dzaleka,40507,2024
Southern Africa,Malawi,Dzaleka,54140,2025
Southern Africa,Republic of the Congo,Betou,22748,2024
Southern Africa,Republic of the Congo,Betou,22748,2025
Southern Africa,Republic of the Congo,Brazzaville,14430,2024
Southern Africa,Republic of the Congo,Brazzaville,14430,2025
Southern Africa,Republic of the Congo,Gamboma,8766,2024
Southern Africa,Republic of the Congo,Gamboma,8766,2025
Southern Africa,Republic of the Congo,Impfondo centre,8087,2024
Southern Africa,Republic of the Congo,Impfondo centre,8087,2025
Southern Africa,Zimbabwe,Tongogara,13737,2025
West and Central Africa,Cameroon,Batouri,2873,2024
West and Central Africa,Cameroon,Batouri,2873,2025
West and Central Africa,Cameroon,Belita,6017,2024
West and Central Africa,Cameroon,Belita,6017,2025
West and Central Africa,Cameroon,Betare,7688,2024
West and Central Africa,Cameroon,Betare,7688,2025
West and Central Africa,Cameroon,Borgop,11029,2024
West and Central Africa,Cameroon,Borgop,6708,2025
West and Central Africa,Cameroon,Djom,3789,2024
West and Central Africa,Cameroon,Djom,3789,2025
West and Central Africa,Cameroon,Dompta,4629,2024
West and Central Africa,Cameroon,Dompta,4629,2025
West and Central Africa,Cameroon,Gado Badzere,25320,2024
West and Central Africa,Cameroon,Gado Badzere,25320,2025
West and Central Africa,Cameroon,Garga Sarali,3365,2024
West and Central Africa,Cameroon,Garga Sarali,3365,2025
West and Central Africa,Cameroon,Garoua-Boulai,25260,2024
West and Central Africa,Cameroon,Garoua-Boulai,25260,2025
West and Central Africa,Cameroon,Gbitti,12224,2024
West and Central Africa,Cameroon,Gbitti,12224,2025
West and Central Africa,Cameroon,Guiwa,4592,2024
West and Central Africa,Cameroon,Guiwa,4592,2025
West and Central Africa,Cameroon,Kette,8882,2024
West and Central Africa,Cameroon,Kette,8882,2025
West and Central Africa,Cameroon,Lolo,11685,2024
West and Central Africa,Cameroon,Lolo,9125,2025
West and Central Africa,Cameroon,Mandjou,16010,2024
West and Central Africa,Cameroon,Mandjou,16010,2025
West and Central Africa,Cameroon,Mbai-Mboum,12934,2024
West and Central Africa,Cameroon,Mbai-Mboum,12934,2025
West and Central Africa,Cameroon,Mbile,10806,2024
West and Central Africa,Cameroon,Mbile,10082,2025
West and Central Africa,Cameroon,Meiganga,12560,2024
West and Central Africa,Cameroon,Meiganga,12560,2025
West and Central Africa,Cameroon,Minawao/Gawar,77198,2024
West and Central Africa,Cameroon,Minawao/Gawar,78556,2025
West and Central Africa,Cameroon,Ndokayo,13115,2024
West and Central Africa,Cameroon,Ndokayo,13115,2025
West and Central Africa,Cameroon,Ngam,6902,2024
West and Central Africa,Cameroon,Ngam,3118,2025
West and Central Africa,Cameroon,Ngaoui,14363,2024
West and Central Africa,Cameroon,Ngaoui,14363,2025
West and Central Africa,Cameroon,Ngarisingo,1084,2025
West and Central Africa,Cameroon,Timangolo,6683,2024
West and Central Africa,Cameroon,Timangolo,4288,2025
West and Central Africa,Cameroon,Tongo Ngandima,4563,2024
West and Central Africa,Cameroon,Tongo Ngandima,4563,2025
West and Central Africa,Cameroon,Touboro,3731,2024
West and Central Africa,Cameroon,Touboro,3731,2025
West and Central Africa,Cameroon,Yokadouma,1334,2024
West and Central Africa,Cameroon,Yokadouma,1334,2025
West and Central Africa,Chad,Aboutengue,22898,2024
West and Central Africa,Chad,Aboutengue,46705,2025
West and Central Africa,Chad,Allacha,21528,2024
West and Central Africa,Chad,Allacha,47516,2025
West and Central Africa,Chad,Amboko,11019,2024
West and Central Africa,Chad,Amboko,11920,2025
West and Central Africa,Chad,Amnabak,30085,2024
West and Central Africa,Chad,Amnabak,33871,2025
West and Central Africa,Chad,Arkoum,24795,2024
West and Central Africa,Chad,Arkoum,49955,2025
West and Central Africa,Chad,Axe Ngueli,7,2024
West and Central Africa,Chad,Axe Ngueli,92,2025
West and Central Africa,Chad,Beakoro,245,2024
West and Central Africa,Chad,Beakoro,245,2025
West and Central Africa,Chad,Bekan,4791,2024
West and Central Africa,Chad,Bekan,4919,2025
West and Central Africa,Chad,Bekourou,850,2024
West and Central Africa,Chad,Bekourou,3399,2025
West and Central Africa,Chad,Belom,25775,2024
West and Central Africa,Chad,Belom,25961,2025
West and Central Africa,Chad,Besao,1384,2024
West and Central Africa,Chad,Besao,1384,2025
West and Central Africa,Chad,Bredjing,54571,2024
West and Central Africa,Chad,Bredjing,56007,2025
West and Central Africa,Chad,Dar Es Salam,17911,2024
West and Central Africa,Chad,Dar Es Salam,18705,2025
West and Central Africa,Chad,Dar Es Salam IDP,3934,2024
West and Central Africa,Chad,Dar Es Salam IDP,3934,2025
West and Central Africa,Chad,Diba 1,3986,2024
West and Central Africa,Chad,Diba 1,153,2025
West and Central Africa,Chad,Djabal,28605,2024
West and Central Africa,Chad,Djabal,37219,2025
West and Central Africa,Chad,Doholo,13222,2024
West and Central Africa,Chad,Doholo,14411,2025
West and Central Africa,Chad,Dosseye,14704,2024
West and Central Africa,Chad,Dosseye,15096,2025
West and Central Africa,Chad,Farchana,39441,2024
West and Central Africa,Chad,Farchana,53870,2025
West and Central Africa,Chad,Gaga,33038,2024
West and Central Africa,Chad,Gaga,38978,2025
West and Central Africa,Chad,Gondje,10174,2024
West and Central Africa,Chad,Gondje,10881,2025
West and Central Africa,Chad,Goz Amer,40182,2024
West and Central Africa,Chad,Goz Amer,44600,2025
West and Central Africa,Chad,Guilmey,3846,2024
West and Central Africa,Chad,Guilmey,2039,2025
West and Central Africa,Chad,Iridimi,29497,2024
West and Central Africa,Chad,Iridimi,42151,2025
West and Central Africa,Chad,Kalambari,8229,2024
West and Central Africa,Chad,Kalambari,5842,2025
West and Central Africa,Chad,Kerfi,2423,2024
West and Central Africa,Chad,Kerfi,4443,2025
West and Central Africa,Chad,Kouchaguine-Moura,14383,2024
West and Central Africa,Chad,Kouchaguine-Moura,17301,2025
West and Central Africa,Chad,Kounougou,24705,2024
West and Central Africa,Chad,Kounougou,28840,2025
West and Central Africa,Chad,Metche,20776,2024
West and Central Africa,Chad,Metche,41137,2025
West and Central Africa,Chad,Mile,32291,2024
West and Central Africa,Chad,Mile,56359,2025
West and Central Africa,Chad,Moissala,16626,2024
West and Central Africa,Chad,Moissala,17559,2025
West and Central Africa,Chad,Moyo,7963,2024
West and Central Africa,Chad,Moyo,10565,2025
West and Central Africa,Chad,N'Djamena,7587,2024
West and Central Africa,Chad,N'Djamena,8088,2025
West and Central Africa,Chad,Ngouboua,1939,2024
West and Central Africa,Chad,Ngouboua,1939,2025
West and Central Africa,Chad,Oure Cassoni,38856,2024
West and Central Africa,Chad,Oure Cassoni,51897,2025
West and Central Africa,Chad,Touloum,37635,2024
West and Central Africa,Chad,Touloum,56032,2025
West and Central Africa,Chad,Treguine,29410,2024
West and Central Africa,Chad,Treguine,30683,2025
West and Central Africa,Chad,Zabout,12591,2024
West and Central Africa,Chad,Zabout,50477,2025
West and Central Africa,Niger,Abala,21537,2024
West and Central Africa,Niger,Abala,21537,2025
West and Central Africa,Niger,Ayerou,12651,2024
West and Central Africa,Niger,Ayerou,12651,2025
West and Central Africa,Niger,Bangui,32084,2024
West and Central Africa,Niger,Bangui,32084,2025
West and Central Africa,Niger,Beri Koira,401,2024
West and Central Africa,Niger,Beri Koira,401,2025
West and Central Africa,Niger,Centre humanitaire,2866,2024
West and Central Africa,Niger,Centre humanitaire,2866,2025
West and Central Africa,Niger,Chadakori,3927,2024
West and Central Africa,Niger,Chadakori,3927,2025
West and Central Africa,Niger,Dandaji Makao,2660,2024
West and Central Africa,Niger,Dandaji Makao,2660,2025
West and Central Africa,Niger,Garin Kaka,1842,2024
West and Central Africa,Niger,Garin Kaka,1842,2025
West and Central Africa,Niger,Niamey,5339,2024
West and Central Africa,Niger,Niamey,5339,2025
West and Central Africa,Niger,Ouallam,8681,2024
West and Central Africa,Niger,Ouallam,8681,2025
West and Central Africa,Niger,Sayam Forage,37599,2024
West and Central Africa,Niger,Sayam Forage,37599,2025
West and Central Africa,Niger,Tillia,20586,2024
West and Central Africa,Niger,Tillia,20586,2025
West and Central Africa,Nigeria,Abande,1643,2024
West and Central Africa,Nigeria,Abande,1643,2025
West and Central Africa,Nigeria,Abong 3,814,2024
West and Central Africa,Nigeria,Abong 3,814,2025
West and Central Africa,Nigeria,Adagom (Settlement),11059,2024
West and Central Africa,Nigeria,Adagom (Settlement),8675,2025
West and Central Africa,Nigeria,Agbokim,1269,2024
West and Central Africa,Nigeria,Agbokim,1269,2025
West and Central Africa,Nigeria,Ajassor (Registration Site),736,2024
West and Central Africa,Nigeria,Ajassor (Registration Site),736,2025
West and Central Africa,Nigeria,Amana,3761,2024
West and Central Africa,Nigeria,Amana,3761,2025
West and Central Africa,Nigeria,Bakassi,161,2024
West and Central Africa,Nigeria,Bakassi,161,2025
West and Central Africa,Nigeria,Bashu 2,997,2024
West and Central Africa,Nigeria,Bashu 2,997,2025
West and Central Africa,Nigeria,Bashua,2412,2024
West and Central Africa,Nigeria,Bashua,2412,2025
West and Central Africa,Nigeria,Biajua,1084,2024
West and Central Africa,Nigeria,Biajua,1084,2025
West and Central Africa,Nigeria,Calabar,556,2024
West and Central Africa,Nigeria,Calabar,556,2025
West and Central Africa,Nigeria,Danare 2,678,2024
West and Central Africa,Nigeria,Danare 2,678,2025
West and Central Africa,Nigeria,Ekang,76,2024
West and Central Africa,Nigeria,Ekang,76,2025
West and Central Africa,Nigeria,Eket,159,2024
West and Central Africa,Nigeria,Eket,159,2025
West and Central Africa,Nigeria,Ekok Anaku,643,2024
West and Central Africa,Nigeria,Ekok Anaku,643,2025
West and Central Africa,Nigeria,Esit Eket,298,2024
West and Central Africa,Nigeria,Esit Eket,298,2025
West and Central Africa,Nigeria,Gembu,2804,2024
West and Central Africa,Nigeria,Gembu,2804,2025
West and Central Africa,Nigeria,Ikom,2931,2024
West and Central Africa,Nigeria,Ikom,2931,2025
West and Central Africa,Nigeria,Ikyogen,7316,2024
West and Central Africa,Nigeria,Ikyogen,7316,2025
West and Central Africa,Nigeria,Itu,309,2024
West and Central Africa,Nigeria,Itu,309,2025
West and Central Africa,Nigeria,Kpambo Puri,1556,2024
West and Central Africa,Nigeria,Kpambo Puri,1556,2025
West and Central Africa,Nigeria,Kurmi,603,2024
West and Central Africa,Nigeria,Kurmi,1045,2025
West and Central Africa,Nigeria,Ndum-Yaji,2165,2024
West and Central Africa,Nigeria,Ndum-Yaji,2165,2025
West and Central Africa,Nigeria,Nkyaje,567,2024
West and Central Africa,Nigeria,Nkyaje,567,2025
West and Central Africa,Nigeria,Oban (Registration Site),100,2024
West and Central Africa,Nigeria,Oban (Registration Site),100,2025
West and Central Africa,Nigeria,Obudu Secretariat,1169,2024
West and Central Africa,Nigeria,Obudu Secretariat,1169,2025
West and Central Africa,Nigeria,Ogbokin,1331,2024
West and Central Africa,Nigeria,Ogbokin,1331,2025
West and Central Africa,Nigeria,Okende,3910,2024
West and Central Africa,Nigeria,Okende,3910,2025
West and Central Africa,Nigeria,Orimekpang,767,2024
West and Central Africa,Nigeria,Orimekpang,767,2025
West and Central Africa,Nigeria,Oron,481,2024
West and Central Africa,Nigeria,Oron,481,2025
West and Central Africa,Nigeria,Osomba,233,2024
West and Central Africa,Nigeria,Osomba,233,2025
West and Central Africa,Nigeria,Shibong,2154,2024
West and Central Africa,Nigeria,Shibong,2154,2025
West and Central Africa,Nigeria,Takum,2186,2024
West and Central Africa,Nigeria,Takum,2186,2025
West and Central Africa,Nigeria,Up Ranch,4287,2024
West and Central Africa,Nigeria,Up Ranch,4287,2025
West and Central Africa,Nigeria,Utanga,2370,2024
West and Central Africa,Nigeria,Utanga,2370,2025
West and Central Africa,Nigeria,Warkaka,1741,2024
West and Central Africa,Nigeria,Warkaka,1741,2025
